k,n,y,c,w,rk,i
2.4256406129624244,0.5470749864745281,0.8943018421904001,0.5002505931534063,1.0952469937052516,0.12166666667178028,0.19405124903699394
